X;Y;ID;NOMBRE;CALLE1;CALLE2;INTERSEC;INAUGURA;LIN_SENT_N;LIN_SENT_S;METROBUS
-58.5261125180663;-34.6382666941643;1;LINIERS;FRANCISCO DE VIEDMA;;ENTRE CASCO Y GANA;SI;34 - 109 - 166;34 - 109 - 166;METROBUS JUAN B. JUSTO
-58.5201431945338;-34.6334969244228;2;VELEZ SARSFIELD;JUAN B. JUSTO AV.;ROMA;;SI;34 - 99 - 166 - 172;34 - 99 - 166 - 172;METROBUS JUAN B. JUSTO
-58.5139131011658;-34.6334578210613;3;POLIDEPORTIVO VELEZ SARSFIELD;JUSTO JUAN B.;GARCIA JUAN AGUSTIN;JUSTO JUAN B. Y GARCIA JUAN AGUSTIN;SI;34 - 99 - 166 - 172;34 - 99 - 166 - 172;METROBUS JUAN B. JUSTO
-58.506729637791;-34.6343410770951;4;CORTINA;JUSTO JUAN B.;CORTINA;JUSTO JUAN B. Y CORTINA;SI;34 - 99 - 166 - 172;34 - 99 - 166 - 172;METROBUS JUAN B. JUSTO
-58.5010420987764;-34.6322077867752;5;AV. LOPE DE VEGA;JUSTO JUAN B.;LOPE DE VEGA;JUSTO JUAN B. Y LOPE DE VEGA;SI;34 - 99 - 166 - 172;34 - 99 - 166 - 172;METROBUS JUAN B. JUSTO
-58.49485369658;-34.6295372757777;6;CARRASCO;JUSTO JUAN B.;CARRASCO;JUSTO JUAN B. Y CARRASCO;SI;34 - 99 - 166 - 172;34 - 99 - 166 - 172;METROBUS JUAN B. JUSTO
-58.4910956462596;-34.6270110382807;7;AV. SEGUROLA;JUSTO JUAN B.;SEGUROLA;JUSTO JUAN B. Y SEGUROLA;SI;34 - 99 - 166 - 172;34 - 99 - 166 - 172;METROBUS JUAN B. JUSTO
-58.4859240774452;-34.625143829521;8;CHIVILCOY;JUSTO JUAN B.;CHIVILCOY;JUSTO JUAN B. Y CHIVILCOY;SI;34 - 166;34 - 166;METROBUS JUAN B. JUSTO
-58.4808176437686;-34.6220415597566;9;CONCORDIA;JUSTO JUAN B.;CONCORDIA;JUSTO JUAN B. Y CONCORDIA;SI;34 - 166;34 - 166;METROBUS JUAN B. JUSTO
-58.4760963333816;-34.618102594928;10;AV. NAZCA;JUSTO JUAN B.;NAZCA;JUSTO JUAN B. Y NAZCA;SI;34 - 166;34 - 166;METROBUS JUAN B. JUSTO
-58.4722554943843;-34.6138239699871;11;ARTIGAS;JUSTO JUAN B.;ARTIGAS JOSE GERVASIO GRAL;JUSTO JUAN B. Y ARTIGAS JOSE GERVASIO GRAL;SI;34 - 166;34 - 166;METROBUS JUAN B. JUSTO
-58.4678482157916;-34.611303822593;12;BOYACA;JUSTO JUAN B.;BOYACA;JUSTO JUAN B. Y BOYACA;SI;34 - 110 - 166;34 - 110 - 166;METROBUS JUAN B. JUSTO
-58.4627046318664;-34.6073730118522;13;AV. DONATO ALVAREZ;JUSTO JUAN B.;ALVAREZ DONATO TTE. GRAL.;JUSTO JUAN B. Y ALVAREZ DONATO TTE. GRAL.;SI;34 - 110 - 166;34 - 110 - 166;METROBUS JUAN B. JUSTO
-58.458473924998;-34.6044918450724;14;AV. SAN MARTIN;JUSTO JUAN B.;SAN MARTIN AV.;JUSTO JUAN B. Y SAN MARTIN AV.;SI;34 - 109 - 110 - 166;34 - 109 - 110 - 166;METROBUS JUAN B. JUSTO
-58.452052278349;-34.6001204426673;15;AV. HONORIO PUEYRREDON;JUSTO JUAN B.;PUEYRREDON HONORIO DR.;JUSTO JUAN B. Y PUEYRREDON HONORIO DR.;SI;34 - 109 - 166;34 - 109 - 166;METROBUS JUAN B. JUSTO
-58.4476901038276;-34.5970914095639;16;MURILLO;JUSTO JUAN B.;MURILLO;JUSTO JUAN B. Y MURILLO;SI;34 - 109 - 166;34 - 109 - 166;METROBUS JUAN B. JUSTO
-58.444300153847;-34.5947640307614;17;AV. CORRIENTES;JUSTO JUAN B.;CORRIENTES;JUSTO JUAN B. Y CORRIENTES;SI;34 - 166;34 - 166;METROBUS JUAN B. JUSTO
-58.4407030186401;-34.5922669285899;18;AGUIRRE;JUSTO JUAN B.;AGUIRRE;JUSTO JUAN B. Y AGUIRRE;SI;34 - 166;34 - 166;METROBUS JUAN B. JUSTO
-58.434753212275;-34.5853721949591;20;HONDURAS;JUSTO JUAN B.;HONDURAS;JUSTO JUAN B. Y HONDURAS;SI;34 - 166;34 - 166;METROBUS JUAN B. JUSTO
-58.4300412553975;-34.5818796847832;21;GUATEMALA;JUSTO JUAN B.;GUATEMALA;JUSTO JUAN B. Y GUATEMALA;SI;34 - 166;34 - 166;METROBUS JUAN B. JUSTO
-58.4265153540626;-34.5775832414406;23;PACIFICO;BULLRICH INT AV;SANTA FE;BULLRICH INT AV Y SANTA FE;SI;34 - 166;34 - 166;METROBUS JUAN B. JUSTO
-58.3808540572395;-34.6188767140538;27;ESTADOS UNIDOS;AV. 9 DE JULIO;;ENTRE CARLOS CALVO Y ESTADOS UNIDOS;SI;10 -- 17 -- 59;59 -- 10 -- 17;METROBUS 9 DE JULIO
-58.3808827691278;-34.6178904773706;28;INDEPENDENCIA;AV. 9 DE JULIO;;ENTRE ESTADOS UNIDOS E INDEPENDENCIA;SI;45 -- 70;45 -- 70;METROBUS 9 DE JULIO
-58.3809449927938;-34.6166794883139;29;CHILE;AV. 9 DE JULIO;;ENTRE INDEPENDENCIA Y CHILE;SI;9 -- 91 -- 100;100 -- 9 -- 91;METROBUS 9 DE JULIO
-58.3809905284027;-34.6155097729598;30;MEXICO;AV. 9 DE JULIO;;ENTRE CHILE Y MEXICO;SI;67 -- 129;67 -- 98 -- 129;METROBUS 9 DE JULIO
-58.381030356945;-34.6145006069406;31;VENEZUELA;AV. 9 DE JULIO;;ENTRE MEXICO Y VENEZUELA;SI;10 -- 17 -- 59;59 -- 10 -- 17;METROBUS 9 DE JULIO
-58.3810424601935;-34.6134730732241;32;BELGRANO;AV. 9 DE JULIO;;ENTRE VENEZUELA Y BELGRANO;SI;45 -- 70 -- 100;100 -- 45 -- 70;METROBUS 9 DE JULIO
-58.381171727514;-34.611070891371;33;ALSINA;AV. 9 DE JULIO;;ENTRE MORENO Y ALSINA;SI;129;129;METROBUS 9 DE JULIO
-58.381255566549;-34.6099440878641;34;YRIGOYEN;AV. 9 DE JULIO;;ENTRE ALSINA E HIPOLITO YRIGOYEN;SI;9 -- 91 -- 67;67 -- 9 -- 91;METROBUS 9 DE JULIO
-58.3813918661666;-34.6075846089842;35;MITRE;AV. 9 DE JULIO;;ENTRE RIVADAVIA Y BARTOLOME MITRO;SI;10 -- 17 -- 59;59 -- 10 -- 17;METROBUS 9 DE JULIO
-58.3814587397799;-34.6064568154422;36;JUAN D. PERON;AV. 9 DE JULIO;;ENTRE BARTOLOME MITRE Y PERON;SI;45 -- 70 -- 100;100 -- 45 -- 70;METROBUS 9 DE JULIO
-58.3815394202477;-34.6053778858849;37;OBELISCO SUR;AV. 9 DE JULIO;;ENTRE JUAN D. PERON Y SARMIENTO;SI;9 -- 67 -- 129;9 -- 67 -- 129;METROBUS 9 DE JULIO
-58.3817535578343;-34.6017254419825;38;OBELISCO NORTE;AV. 9 DE JULIO;;ENTRE LAVALLE Y TUCUMAN;SI;100 -- 17 -- 59;59 -- 100 -- 17;METROBUS 9 DE JULIO
-58.3818123103929;-34.6005804300295;39;TEATRO COLON;AV. 9 DE JULIO;;ENTRE TUCUMAN Y VIAMONTE;SI;45 -- 70 -- 10;10 -- 45 -- 70;METROBUS 9 DE JULIO
-58.3818550522952;-34.5994274672618;40;CORDOBA;AV. 9 DE JULIO;;ENTRE VIAMONTE Y AV CORDOBA;SI;9 -- 67;67 -- 9;METROBUS 9 DE JULIO
-58.3818950222302;-34.5982531573038;41;PARAGUAY;AV. 9 DE JULIO;;ENTRE AV CORDOBA Y PARAGUAY;SI;10 -- 17 -- 59;59 -- 10 -- 17;METROBUS 9 DE JULIO
-58.3820015194344;-34.5971201763966;42;MARCELO T. DE ALVEAR;AV. 9 DE JULIO;;ENTRE PARAGUAY Y MARCELO T. DE ALVEAR;SI;129;129;METROBUS 9 DE JULIO
-58.3821303401802;-34.595845005054;43;SANTA FE;AV. 9 DE JULIO;;ENTRE MARCELO T. DE ALVEAR Y AV. SANTA FE;SI;100 -- 70 -- 67;100 -- 70 -- 67;METROBUS 9 DE JULIO
-58.3810084680838;-34.6274387354672;44;CONSTITUCION;BRASIL;LIMA;;SI;;;METROBUS SUR
-58.3915523092275;-34.6272570886298;45;COMBATE DE LOS POZOS;GARAY JUAN DE AV;;ENTRE COMBATE DE LOS POZOS Y ENTRE RIOS;SI;;4 - 143;METROBUS SUR - RAMAL FERNANDEZ DE LA CRUZ
-58.3960647227167;-34.6279561266726;46;PICHINCHA;GARAY JUAN DE AV;;ENTRE PASCO Y PICHINCHA;SI;;4 - 143;METROBUS SUR - RAMAL FERNANDEZ DE LA CRUZ
-58.4008428791158;-34.6286641105827;47;JUJUY;GARAY JUAN DE AV;;ENTRE JUJUY Y ALBERTI;SI;;4 - 143;METROBUS SUR - RAMAL FERNANDEZ DE LA CRUZ
-58.4072238225876;-34.6311796897138;48;LA RIOJA;CHICLANA AV;;ENTRE LA RIOJA Y GRAL URQUIZA;SI;;143;METROBUS SUR - RAMAL FERNANDEZ DE LA CRUZ
-58.4102738064037;-34.633708221953;49;SANCHEZ DE LORIA;CHICLANA AV;;ENTRE 24 DE NOVIEMBRE Y SANCHEZ DE LORIA;SI;;143;METROBUS SUR - RAMAL FERNANDEZ DE LA CRUZ
-58.4152811318649;-34.636940191422;50;BOEDO;CHICLANA AV;;ENTRE ALZAGA Y BOEDO;SI;;101 - 143;METROBUS SUR - RAMAL FERNANDEZ DE LA CRUZ
-58.4193247411605;-34.6400397071959;51;CASEROS;FERNANDEZ DE LA CRUZ AV;;ENTRE CASEROS Y TROLE;SI;23 - 101 - 143;;METROBUS SUR - RAMAL FERNANDEZ DE LA CRUZ
-58.4231801244574;-34.6431013538967;52;AV LA PLATA;FERNANDEZ DE LA CRUZ AV;;ENTRE GUAL Y RIESTRA;SI;23 - 101 - 143;101 - 143;METROBUS SUR - RAMAL FERNANDEZ DE LA CRUZ
-58.4279381978776;-34.6475321915059;53;DEL BARCO CENTENERA;FERNANDEZ DE LA CRUZ AV;;ENTRE LANZA Y DEL BARCO CENTENERA;SI;101 - 143;101 - 143 - 150;METROBUS SUR - RAMAL FERNANDEZ DE LA CRUZ
-58.4311685092763;-34.6503572341002;54;PERITO MORENO;FERNANDEZ DE LA CRUZ AV;;ENTRE MOM Y EREZCANO;SI;101 - 143 -150;46 - 101 - 143 - 150;METROBUS SUR - RAMAL FERNANDEZ DE LA CRUZ
-58.4344920810825;-34.653047727548;55;SAN LORENZO;FERNANDEZ DE LA CRUZ AV;;ENTRE CHARRUA Y BERG;SI;46 - 101 - 143 -150;46 - 101 - 143 - 150;METROBUS SUR - RAMAL FERNANDEZ DE LA CRUZ
-58.4381873346941;-34.6553165709766;56;VARELA;FERNANDEZ DE LA CRUZ AV;;ENTRE PEDERNERA Y CASTAÑARES;SI;;101 - 143 - 150;METROBUS SUR - RAMAL FERNANDEZ DE LA CRUZ
-58.4424416757161;-34.6593124133848;57;LAFUENTE;FERNANDEZ DE LA CRUZ AV;;ENTRE SAN PEDRITO Y JOSE MARTI;SI;23 - 76 - 101 - 143 - 150;23 - 76 - 101 - 143 -150;METROBUS SUR - RAMAL FERNANDEZ DE LA CRUZ
-58.449044033439;-34.6643276542114;58;LAGUNA;FERNANDEZ DE LA CRUZ AV;;ENTRE LAGUNA Y LACARRA;SI;101 - 143 -  150;101 - 143 -  150;METROBUS SUR - RAMAL FERNANDEZ DE LA CRUZ
-58.4547170640975;-34.6691887806289;59;CECILIA GRIERSON;FERNANDEZ DE LA CRUZ AV;;ENTRE LACARRA Y ESCALADA;SI;101 - 143 -  150;101 - 143 -  150;METROBUS SUR - RAMAL FERNANDEZ DE LA CRUZ
-58.4619023017799;-34.6755866123532;60;ESCALADA;FERNANDEZ DE LA CRUZ AV;;ENTRE ESCALADA Y POLA;SI;101 - 114 - 143 - 150;101 - 114 - 143 - 150;METROBUS SUR - RAMAL FERNANDEZ DE LA CRUZ
-58.4655069672721;-34.6789102440257;61;POLA;FERNANDEZ DE LA CRUZ AV;;ENTRE FOUNROUGE Y LARRAYA;SI;101 - 114 - 143 - 150;101 - 114 - 143 - 150;METROBUS SUR - RAMAL FERNANDEZ DE LA CRUZ
-58.4723019052065;-34.6848291457924;62;LISANDRO DE LA TORRE;FERNANDEZ DE LA CRUZ AV;;FERNANDEZ DE LA CRUZ Y LISANDRO DE LA TORRE;SI;36 - 143;36 - 143;METROBUS SUR - RAMAL FERNANDEZ DE LA CRUZ
-58.4757022683789;-34.6879008328316;63;PIEDRABUENA;FERNANDEZ DE LA CRUZ AV;;ENTRE PIEDRABUENA Y GUAMINI;SI;36 - 143 - 150;36 - 143 - 150;METROBUS SUR - RAMAL FERNANDEZ DE LA CRUZ
-58.4768627289046;-34.6889468284827;64;MONTIEL;FERNANDEZ DE LA CRUZ AV;;FERNANDEZ DE LA CRUZ Y MONTIEL;SI;36 - 143;36 - 143;METROBUS SUR - RAMAL FERNANDEZ DE LA CRUZ
-58.4780814723553;-34.6900538002201;65;JOSE L. SUAREZ;FERNANDEZ DE LA CRUZ AV;;ENTRE SALADILLO Y JOSE LEON SUAREZ;SI;36 - 143;36 - 143;METROBUS SUR - RAMAL FERNANDEZ DE LA CRUZ
-58.4618089710669;-34.7045196955955;66;PUENTE LA NORIA;GRAL. PAZ, AV.;27 DE FEBRERO AV.;;SI;;;METROBUS SUR
-58.4697644399137;-34.697795350077;67;GRAL PAZ;ROCA CNEL AV;;ROCA CNEL Y GRAL PAZ;SI;91 - 101 - 114 - 117 - 141;91 - 101 - 114 - 117 - 141;METROBUS SUR - RAMAL CORONEL ROCA
-58.4673916227606;-34.6956224437717;68;GUAMINI;ROCA CNEL AV;;ENTRE GUAMINI Y MONTIEL;SI;91 - 101 - 114 - 117 - 141;91 - 101 - 114 - 117 - 141;METROBUS SUR - RAMAL CORONEL ROCA
-58.46633367766;-34.6946518718454;69;PIEDRABUENA;ROCA CNEL AV;;ENTRE PIEDRABUENA Y GUAMINI;SI;91 - 101 - 114 - 117;91 - 101 - 114 - 117;METROBUS SUR - RAMAL CORONEL ROCA
-58.4635700565548;-34.6921412097659;70;LISANDRO DE LA TORRE;ROCA CNEL AV;;ENTRE LISANDRO DE LA TORRE Y TIMOTEO GORDILLO;SI;47 - 91 - 114 - 117 -150;47 - 91 - 114 - 117;METROBUS SUR - RAMAL CORONEL ROCA
-58.4574292184394;-34.6861371824482;71;LARRAZABAL;ROCA CNEL AV;;ENTRE PASAJE ROCA Y LARRAZABAL;SI;;91 - 115;METROBUS SUR - RAMAL CORONEL ROCA
-58.4530877883691;-34.6825025234944;72;ESCALADA;ROCA CNEL AV;;ENTRE ESCALADA Y PASAJE ROCA;SI;91 - 115;91 - 115;METROBUS SUR - RAMAL CORONEL ROCA
-58.4481350991623;-34.6763542216201;73;ESTADIO PARQUE ROCA;ROCA CNEL AV;;ENTRE ESCALADA Y LACARRA;SI;91 - 115;91 - 115;METROBUS SUR - RAMAL CORONEL ROCA
-58.4453918656202;-34.6720119679678;74;PARQUE ROCA;ROCA CNEL AV;;ENTRE ESCALADA Y LACARRA;SI;91 - 115;91 - 115;METROBUS SUR - RAMAL CORONEL ROCA
-58.4404169573735;-34.6664589093931;75;MARIANO ACOSTA;ROCA CNEL AV;;ENTRE PERGAMINO Y MARIANO ACOSTA;SI;91 - 115;91 - 115;METROBUS SUR - RAMAL CORONEL ROCA
-58.4423465028447;-34.6681883219684;76;LACARRA;ROCA CNEL AV;;ENTRE MARIANO ACOSTA Y LACARRA;SI;91 - 115;91 - 115;METROBUS SUR - RAMAL CORONEL ROCA
-58.4371509662639;-34.6633961690332;77;LAFUENTE;RABANAL AV;;ENTRE SAN PEDRITO Y JOSE MARTI;SI;;91 - 115;METROBUS SUR - RAMAL CORONEL ROCA
-58.4330134430965;-34.66149905324;78;VARELA;RABANAL AV;;ENTRE VARELA Y CULPINA;SI;;76 - 91 - 115;METROBUS SUR - RAMAL CORONEL ROCA
-58.4295487255739;-34.6599187006624;79;BERG;RABANAL AV;;ENTRE BERG Y RIVERA INDARTE;SI;;76 - 91 - 115;METROBUS SUR - RAMAL CORONEL ROCA
-58.4263593337239;-34.6585030889658;80;BONORINO;RABANAL AV;;ENTRE BONORINO ESTEBAN Y CHARRUA;SI;;76 - 91 - 115;METROBUS SUR - RAMAL CORONEL ROCA
-58.4218123502893;-34.6563054218412;81;VEDIA;RABANAL AV;;RABANAL Y VEDIA AGUSTIN;SI;;76 - 91 - 115;METROBUS SUR - RAMAL CORONEL ROCA
-58.4173038474323;-34.6549521058308;82;SAENZ;RABANAL AV;;ENTRE SAENZ Y DEL BARCO CENTENERA;SI;;76 - 91 - 115;METROBUS SUR - RAMAL CORONEL ROCA
-58.416366660215;-34.65167893523;83;POMPEYA;SAENZ AV;;ENTRE LUPPI Y LYNCH;SI;91 - 115;91 - 115;METROBUS SUR - RAMAL CORONEL ROCA
-58.4157470425851;-34.6475981569553;84;GRITO DE ASENCIO;ALMAFUERTE AV;;ENTRE FAMATINA Y GRITO DE ASENCIO;SI;115;;METROBUS SUR - RAMAL CORONEL ROCA
-58.41418336116;-34.645057418478;85;JOSE C. PAZ;ALMAFUERTE AV;;ENTRE ANDRES FERREIRA Y JOSE C PAZ;SI;115;;METROBUS SUR - RAMAL CORONEL ROCA
-58.4128675241834;-34.6421498867279;86;CORTEJARENA;ALMAFUERTE AV;;ENTRE PUNA Y CHUTRO;SI;115;;METROBUS SUR - RAMAL CORONEL ROCA
-58.4106940273911;-34.6362955837275;87;BATHURST;SANCHEZ DE LORIA AV;;ENTRE CATULO CASTILLO Y RONDEAU;SI;115;;METROBUS SUR - RAMAL CORONEL ROCA
-58.4095694524469;-34.6347884204905;88;BRASIL;BRASIL AV;;ENTRE 24 DE NOVIEMBRE Y SANCHEZ DE LORIA;SI;6 - 97 - 143;;METROBUS SUR - RAMAL CORONEL ROCA
-58.4066852353215;-34.6339017090725;89;LA RIOJA;BRASIL AV;;ENTRE LA RIOJA Y GRAL URQUIZA;SI;6 - 97 -143;;METROBUS SUR - RAMAL CORONEL ROCA
-58.4009974665398;-34.6317747254111;90;JUJUY;BRASIL AV;;ENTRE JUJUY Y CATAMARCA;SI;6 - 97 -143;;METROBUS SUR - RAMAL CORONEL ROCA
-58.3953996681861;-34.630204617071;91;GARRAHAN;BRASIL AV;;ENTRE PICHINCHA Y COMBATE DE LOS POZOS;SI;6 - 97 -143;;METROBUS SUR - RAMAL CORONEL ROCA
-58.3920609190155;-34.6295830838638;92;ENTRE RIOS;BRASIL AV;;ENTRE PICHINCHA Y COMBATE DE LOS POZOS;SI;6 - 97 -143;;METROBUS SUR - RAMAL CORONEL ROCA
-58.4612317858023;-34.689972591926;93;SOLDADO DE LA FRONTERA;ROCA CNEL AV;;ENTRE SOLDADO DE LA FRONTERA Y RACEDO;SI;47 - 91 - 114 - 115 - 117 - 141 - 150;91 - 115;METROBUS SUR - RAMAL CORONEL ROCA
-58.4378005596538;-34.6556493390366;94;VARELA;FERNANDEZ DE LA CRUZ AV;;ENTRE PEDERNERA Y CASTAÑARES;SI;23 - 76 - 101 - 143 - 150;;METROBUS SUR - RAMAL FERNANDEZ DE LA CRUZ
-58.4569928853323;-34.6864312346379;95;LARRAZABAL;ROCA CNEL AV;;ENTRE PASAJE ROCA Y LARRAZABAL;SI;91 - 115;;METROBUS SUR - RAMAL CORONEL ROCA
-58.4362110014323;-34.6643502307666;96;LAFUENTE;RABANAL AV;;ENTRE SAN PEDRITO Y JOSE MARTI;SI;76 - 91 - 115;;METROBUS SUR - RAMAL CORONEL ROCA
-58.4323153457032;-34.6623500379728;97;VARELA;RABANAL AV;;ENTRE VARELA Y CULPINA;SI;76 - 91 - 115;;METROBUS SUR - RAMAL CORONEL ROCA
-58.4289969167743;-34.6605032469524;98;BERG;RABANAL AV;;ENTRE BERG Y RIVERA INDARTE;SI;76 - 91 - 115;;METROBUS SUR - RAMAL CORONEL ROCA
-58.4260677990949;-34.6588639100698;99;BONORINO;RABANAL AV;;ENTRE BONORINO ESTEBAN Y CHARRUA;SI;76 - 91 - 115;;METROBUS SUR - RAMAL CORONEL ROCA
-58.4215615382181;-34.6567098380639;100;VEDIA;RABANAL AV;;RABANAL Y VEDIA AGUSTIN;SI;76 - 91 - 115;;METROBUS SUR - RAMAL CORONEL ROCA
-58.4172340265377;-34.6551411041777;101;SAENZ;RABANAL AV;;ENTRE SAENZ Y DEL BARCO CENTENERA;SI;91 - 115;;METROBUS SUR - RAMAL CORONEL ROCA
-58.4611659662327;-34.5568444021824;102;ROOSEVELT;CABILDO AV;;ENTRE ROOSVELT Y MANUEL UGARTE;SI;41 - 57 - 60 - 194;;METROBUS NORTE - AV CABILDO
-58.4620769061676;-34.5558897986989;103;UGARTE;CABILDO AV;;ENTRE MANUEL UGARTE Y AV CONGRESO;SI;59 - 68 - 133 - 152 - 161;;METROBUS NORTE - AV CABILDO
-58.4629802344218;-34.5549540293086;104;CONGRESO;CABILDO AV;;ENTRE AV CONGRESO Y QUESADA;SI;29 - 60 - 168 - 184;;METROBUS NORTE - AV CABILDO
-58.4630865078037;-34.5550168324228;105;CONGRESO;CABILDO AV;;ENTRE AV CONGRESO Y QUESADA;SI;;59 - 60 - 68 - 152 - 161;METROBUS NORTE - AV CABILDO
-58.4640884952958;-34.5540119705914;106;QUESADA;CABILDO AV;;ENTRE QUESADA E IBERA;SI;;29 - 57- 133 - 168 - 184 - 194;METROBUS NORTE - AV CABILDO
-58.4653940673644;-34.5523350973688;107;IBERA;CABILDO AV;;ENTRE GUAYRA Y CAMPOS SALLES;SI;60;;METROBUS NORTE - AV CABILDO
-58.4647640582599;-34.5530950311204;108;IBERA;CABILDO AV;;ENTRE IBERA Y GUAYRA;SI;59 - 68 - 152 - 161;;METROBUS NORTE - AV CABILDO
-58.4659557510715;-34.5516191245205;109;CAMPOS SALLES;CABILDO AV;;ENTRE CAMPOS SALLES Y MANUELA PEDRAZA;SI;29 - 133 - 168 - 184;;METROBUS NORTE - AV CABILDO
-58.4664187651065;-34.5512925334048;110;MANUELA PEDRAZA;CABILDO AV;;ENTRE MANUELA PEDRAZA Y JUANA AZURDUY;SI;;59 - 60 - 68 - 152;METROBUS NORTE - AV CABILDO
-58.4670107925898;-34.5505263118934;111;JUANA AZURDUY;CABILDO AV;;ENTRE JUANA AZURDUY Y NUÑEZ;SI;;133 - 161 - 168 - 184;METROBUS NORTE - AV CABILDO
-58.4672081196885;-34.5500301574901;112;NUÑEZ;CABILDO AV;;ENTRE JUANA AZURDUY Y NUÑEZ;SI;59 - 60 - 68 - 133;;METROBUS NORTE - AV CABILDO
-58.4678153149074;-34.5493141741293;113;NUÑEZ;CABILDO AV;;ENTRE NUÑEZ Y CRISOLOGO LARRALDE;SI;152 - 161 - 168 - 184;;METROBUS NORTE - AV CABILDO
-58.4683314192387;-34.5486547150234;114;CRISOLOGO LARRALDE;CABILDO AV;;ENTRE CRISOLOGO LARRALDE Y AV COMODORO RIVADAVIA;SI;57 - 194;;METROBUS NORTE - AV CABILDO
-58.469325673164;-34.547599566743;115;MANZANARES;CABILDO AV;;ENTRE AV GARCIA DEL RIO Y MANZANARES;SI;;57 - 59 - 60 - 68 - 133;METROBUS NORTE - AV CABILDO
-58.4701615417628;-34.5463433407004;116;VILELA;CABILDO AV;;ENTRE PAROISSIEN Y VILELA;SI;59 - 68 - 152 - 161;;METROBUS NORTE - AV CABILDO
-58.4707022707388;-34.5456179260722;117;BESARES;CABILDO AV;;ENTRE VILELA Y BESARES;SI;60 - 133 - 168 - 184;;METROBUS NORTE - AV CABILDO
-58.4713368188562;-34.5449365729113;118;RUIZ HUIDOBRO;CABILDO AV;;ENTRE BESARES Y RUIZ HUIDOBRO;SI;;59 - 60 - 68 - 152;METROBUS NORTE - AV CABILDO
-58.4718756307033;-34.5442080128812;119;CORREA;CABILDO AV;;ENTRE RUIZ HUIDOBRO Y CORREA;SI;;133 - 161 - 168 - 184;METROBUS NORTE - AV CABILDO
-58.4723005775534;-34.5434166558697;120;RAMALLO;CABILDO AV;;ENTRE CORREA Y RAMALLO;SI;59 - 68 - 152 - 161;;METROBUS NORTE - AV CABILDO
-58.4728621391468;-34.54267552881;121;ARIAS;CABILDO AV;;ENTRE RAMALLO Y ARIAS;SI;60 - 133 - 168 - 184;;METROBUS NORTE - AV CABILDO
-58.4735906596215;-34.5418904218259;122;DEHEZA;CABILDO AV;;ENTRE ARIAS Y DEHEZA;SI;;59 - 60 - 68 - 152;METROBUS NORTE - AV CABILDO
-58.4741228924686;-34.5411523234827;123;PICO;CABILDO AV;;ENTRE DEHEZA Y PICO;SI;;133 - 161 - 168 - 184;METROBUS NORTE - AV CABILDO
-58.4757836184498;-34.5388316734613;124;GRAL PAZ;CABILDO AV;PAZ GRAL AV;DEBAJO DE LA AV GRAL PAZ;SI;19 - 71 - 161 - 130 - 152 - 184;;METROBUS NORTE - AV CABILDO
-58.4759126483894;-34.5388881827821;125;GRAL PAZ;CABILDO AV;PAZ GRAL AV;DEBAJO DE LA AV GRAL PAZ;SI;;59 - 60 - 68 - 133 - 152 - 161 - 168 - 184;METROBUS NORTE - AV CABILDO
-58.4756242279088;-34.5387563261492;126;GRAL PAZ;CABILDO AV;PAZ GRAL AV;DEBAJO DE LA AV GRAL PAZ;SI;21 - 59 - 60 - 68 - 133 - 151 - 168;;METROBUS NORTE - AV CABILDO
-58.4760796299295;-34.5389698092415;127;GRAL PAZ;CABILDO AV;PAZ GRAL AV;DEBAJO DE LA AV GRAL PAZ;SI;;19 - 71 - 130 - 151;METROBUS NORTE - AV CABILDO
-58.4772934124832;-34.5359048553101;128;LAPRIDA;MAIPU AV;;ENTRE ARISTOBULO DEL VALLE Y FRANCISCO NARCISO DE LAPRIDA;SI;19 - 59 - 60 -71 - 130 - 152;;METROBUS NORTE - AV MAIPU (PROVINCIA)
-58.4777865363728;-34.5349376198707;129;ALSINA;MAIPU AV;;ENTRE NARCISO DE LAPRIDA Y ADOLFO ALSINA;SI;21 - 161 - 168 - 184 - 203 - 314 - 365;;METROBUS NORTE - AV MAIPU (PROVINCIA)
-58.4783707266325;-34.534020613533;130;ALVAREZ;MAIPU AV;;ENTRE ADOLFO ALSINA Y AGUSTIN ALVAREZ;SI;;19 - 59 - 71 -152 - 161;METROBUS NORTE - AV MAIPU (PROVINCIA)
-58.4788562477194;-34.5331036173575;131;LAVALLE;MAIPU AV;;ENTRE AGUSTIN ALVAREZ Y GRAL LAVALLE;SI;;60 - 130 - 168 - 203 - 314 - 365;METROBUS NORTE - AV MAIPU (PROVINCIA)
-58.4791899696606;-34.532130116431;132;LAS HERAS;MAIPU AV;;ENTRE GRAL LAVALLE Y LAS HERAS;SI;19 - 59 - 60 - 71 - 130 - 152 - 168;;METROBUS NORTE - AV MAIPU (PROVINCIA)
-58.4796906368785;-34.5311565913277;133;GUEMES;MAIPU AV;;ENTRE LAS HERAS Y GUEMES;SI;21 - 161 - 184 - 203 - 314 - 365;;METROBUS NORTE - AV MAIPU (PROVINCIA)
-58.4803278861515;-34.5301704836501;134;MELO;MAIPU AV;;ENTRE GUEMES Y MELO;SI;;19 - 59- 71 -152;METROBUS NORTE - AV MAIPU (PROVINCIA)
-58.480798202552;-34.5293288457776;135;HAEDO;MAIPU AV;;ENTRE MELO Y HAEDO;SI;;60 - 130 - 168 - 203 - 314 - 365;METROBUS NORTE - AV MAIPU (PROVINCIA)
-58.4813063795186;-34.5281606210937;136;SANTA ROSA;MAIPU AV;;ENTRE MARTIN J. HAEDO Y SANTA ROSA;SI;19 - 59 - 71 - 152;;METROBUS NORTE - AV MAIPU (PROVINCIA)
-58.481738741227;-34.5273566673145;137;ROCA;MAIPU AV;;ENTRE SANTA ROSA Y ROCA;SI;60 - 130 - 168 - 203 - 314 -365;;METROBUS NORTE - AV MAIPU (PROVINCIA)
-58.4823911333257;-34.5264521907117;138;URQUIZA;MAIPU AV;;ENTRE ROCA Y URQUIZA;SI;;19 - 59 - 71 - 152;METROBUS NORTE - AV MAIPU (PROVINCIA)
-58.482922086928;-34.5254974876937;139;VERGARA;MAIPU AV;;ENTRE URQUIZA Y VERGARA;SI;;60 - 130 - 168 - 203 - 314 - 365;METROBUS NORTE - AV MAIPU (PROVINCIA)
-58.4833695259172;-34.5244109085759;140;SAN MARTIN;MAIPU AV;;ENTRE VERGARA Y GRAL SAN MARTIN;SI;19 - 60 - 71 - 130 - 168;;METROBUS NORTE - AV MAIPU (PROVINCIA)
-58.483892867336;-34.523456202311;141;ARENALES;MAIPU AV;;ENTRE GRAL SAN MARTIN Y ARENALES;SI;59 - 152;;METROBUS NORTE - AV MAIPU (PROVINCIA)
-58.4843858562534;-34.5225454616651;142;LIBERTAD;MAIPU AV;;ENTRE ARENALES Y LIBERTAD;SI;203 - 314 - 365;;METROBUS NORTE - AV MAIPU (PROVINCIA)
-58.4850457433214;-34.5215404828578;143;YRIGOYEN;MAIPU AV;;ENTRE LIBERTAD E HIPOLITO YRIGOYEN;SI;;19 - 59 - 71 - 152;METROBUS NORTE - AV MAIPU (PROVINCIA)
-58.4856676255012;-34.5203533765765;144;ITALIA;MAIPU AV;;ENTRE HIPOLITO YRIGOYEN E ITALIA;SI;;21 - 60 - 203 - 314 - 365;METROBUS NORTE - AV MAIPU (PROVINCIA)
-58.4862439232863;-34.5190218270208;145;MALAVER;MAIPU AV;;ENTRE ITALIA Y ANTONIO MALAVER;SI;19 - 21 - 59 - 60 - 71 - 152 - 203 - 314 - 365;;METROBUS NORTE - AV MAIPU (PROVINCIA)
-58.4697346547065;-34.5470451950359;146;PAROISSIEN;CABILDO AV;;ENTRE AV GARCIA DEL RIO Y PAROISSIEN;SI;;152 - 161 - 168 - 184 -194;METROBUS NORTE - AV CABILDO
-58.4593144621467;-34.6042763149154;147;PAPPO NAPOLITANO;AV SAN MARTIN;;ENTRE JUAN B. JUSTO Y FRAGATA SARMIENTO;SI;;SENTIDO ESTE: 24 - 57 - 105 - 135 - 146;METROBUS AV SAN MARTIN
-58.4652151930452;-34.6027749295805;148;DONATO ALVAREZ;AV SAN MARTIN;;ENTRE JUAN A. GARCIA Y ADOLFO DICKMAN;SI;SENTIDO OESTE: 24 - 57 - 105 - 109 - 135 - 146;SENTIDO ESTE: 24 - 57 - 105 - 109 - 135 - 146;METROBUS AV SAN MARTIN
-58.4701196552181;-34.6015854135541;149;ARGENTINOS JUNIORS;AV SAN MARTIN;;ENTRE ALVAREZ JONTE Y MIGUEL ANGEL;SI;SENTIDO OESTE: 24 - 57 - 105 - 146;SENTIDO ESTE: 24 - 57 - 105 - 146;METROBUS AV SAN MARTIN
-58.480939832333;-34.5987624272878;150;EMPEDRADO;AV SAN MARTIN;;ENTRE BASILIO CITTADINI Y GRAL RIVAS;SI;SENTIDO OESTE: 47 - 57 - 78 - 105 - 146;SENTIDO ESTE: 47 - 57 - 78 - 105 - 146;METROBUS AV SAN MARTIN
-58.4835262391179;-34.5977518973572;151;AGRONOMIA;AV SAN MARTIN;;ENTRE GRAL RIVAS Y MELINCUE;SI;SENTIDO OESTE: 57 - 78 - 105 - 146;SENTIDO ESTE: 57 - 78 - 105 - 146;METROBUS AV SAN MARTIN
-58.4868926516254;-34.5974813679951;152;2 DE ABRIL;AV SAN MARTIN;;ENTRE MELINCUE Y EST. PLURINACIONAL DE BOLIVIA;SI;SENTIDO OESTE: 57 - 78 - 105 - 146;SENTIDO ESTE: 57 - 78 - 105 - 146;METROBUS AV SAN MARTIN
-58.4914967529747;-34.5971621586626;153;COMUNICACIONES;AV SAN MARTIN;;ENTRE TINOGASTA Y NAZCA;SI;SENTIDO OESTE: 57 - 78 - 105 - 146;SENTIDO ESTE: 57 - 78 - 105 - 146;METROBUS AV SAN MARTIN
-58.4951986182815;-34.5969158222641;154;ROFFO;AV SAN MARTIN;;ENTRE NAZCA Y BEIRO;SI;SENTIDO OESTE: 57 - 78 - 105 - 146;SENTIDO ESTE: 57 - 78 - 105 - 146;METROBUS AV SAN MARTIN
-58.4993825715727;-34.5959967210567;155;SOLANO LOPEZ;AV SAN MARTIN;;ENTRE NAVARRO Y PEDRO MORAN;SI;SENTIDO OESTE: 57 - 78;SENTIDO ESTE: 57 - 78 - 105;METROBUS AV SAN MARTIN
-58.5075029500653;-34.5929778140264;156;CUBAS;AV SAN MARTIN;;ENTRE HABANA Y VALLEJOS;SI;SENTIDO OESTE: 57 - 78 - 123 - 176;SENTIDO ESTE: 57 - 78;METROBUS AV SAN MARTIN
-58.5111921840826;-34.5916313705306;157;MOSCONI;AV SAN MARTIN;;ENTRE GABRIELA MISTRAL Y CARLOS ANTONIO LOPEZ;SI;SENTIDO OESTE: 57 - 78 - 87 - 123 - 176;SENTIDO ESTE: 57 - 78 - 123 - 176;METROBUS AV SAN MARTIN
-58.5151947684576;-34.5904202833159;158;LADINES;AV SAN MARTIN;;ENTRE GRIVEO Y CABEZON JOSE LEON;SI;SENTIDO OESTE: 57 - 78 - 87 - 123 - 176;SENTIDO ESTE: 57 - 78 - 87 - 123 - 176;METROBUS AV SAN MARTIN
-58.4602931418152;-34.5579724492171;159;MONROE;CABILDO AV;;ENTRE AV MONROE Y ROOSEVELT;SI;;29 - 41 - 59 - 60 - 152 - 161;METROBUS NORTE - AV CABILDO
-58.4597690625198;-34.5585471609047;160;BLANCO ENCALADA;CABILDO AV;;ENTRE BLANCO ENCALADA Y AV MONROE;SI;;68 - 168 - 184;METROBUS NORTE - AV CABILDO
-58.4592693598874;-34.5589101308963;161;BLANCO ENCALADA;CABILDO AV;;ENTRE BLANCO ENCALADA Y AV MONROE;SI;161 - 168 - 184;;METROBUS NORTE - AV CABILDO
-58.4586233818998;-34.5596764084309;162;OLAZABAL;CABILDO AV;;ENTRE OLAZABAL Y BLANCO ENCALADA;SI;29 - 41 - 59 - 60 - 68 - 152;;METROBUS NORTE - AV CABILDO
-58.4579408166576;-34.5606544210561;163;MENDOZA;CABILDO AV;;ENTRE MENDOZA Y OLAZABAL;SI;;29 - 41 - 59 - 60 - 68 - 152 - 161;METROBUS NORTE - AV CABILDO
-58.4570022918061;-34.561582003747;164;JURAMENTO;CABILDO AV;;ENTRE JURAMENTO Y MENDOZA;SI;57 - 194;;METROBUS NORTE - AV CABILDO
-58.455393320399;-34.5634371633964;165;SUCRE;CABILDO AV;;ENTRE SUCRE Y ECHEVERRIA;SI;41 - 59 - 60 - 63 - 67 - 68 - 152 - 161 - 168 - 184;;METROBUS NORTE - AV CABILDO
-58.4546984963263;-34.5644353222566;166;LA PAMPA;CABILDO AV;;ENTRE LA PAMPA Y SUCRE;SI;;44 - 63 - 65 - 80 - 168 - 184;METROBUS NORTE - AV CABILDO
-58.4528456948676;-34.5658770344114;167;VIRREY DEL PINO;CABILDO AV;;ENTRE VIRREY DEL PINO Y JOSE HERNANDEZ;SI;;57 - 194;METROBUS NORTE - AV CABILDO
-58.4516998905166;-34.5664718246352;168;VIRREY ARREDONDO;CABILDO AV;;ENTRE VIRREY ARREDONDO Y VIRREY OLAGUER Y FELIU;SI;;41 - 59 - 60 - 63 - 67 - 68 - 152 - 161;METROBUS NORTE - AV CABILDO
-58.4497617512489;-34.5673891737521;169;VIRREY LORETO;CABILDO AV;;ENTRE CESPEDES Y VIRREY LORETO;SI;59 - 60 - 152;;METROBUS NORTE - AV CABILDO
-58.4490303575402;-34.5677924079093;170;ZABALA;CABILDO AV;;ENTRE CESPEDES Y VIRREY LORETO;SI;41 - 63 - 67 - 68 - 161;;METROBUS NORTE - AV CABILDO
-58.4486402599066;-34.5681150146769;171;CESPEDES;CABILDO AV;;ENTRE CESPEDES Y ZABALA;SI;;59 - 60 - 63 - 67;METROBUS NORTE - AV CABILDO
-58.4472262091748;-34.5688609741647;172;AGUILAR;CABILDO AV;;ENTRE AGUILAR Y CESPEDES;SI;;41 - 68 - 152 - 161;METROBUS NORTE - AV CABILDO
-58.4467630017937;-34.5689919915472;173;PALPA;CABILDO AV;;ENTRE PALPA Y AGUILAR;SI;59 - 60 - 152;;METROBUS NORTE - AV CABILDO
-58.4444956007118;-34.5701007872381;174;OLLEROS;CABILDO AV;;ENTRE OLLEROS Y AV FEDERIZO LACROZE;SI;68 - 161;;METROBUS NORTE - AV CABILDO
-58.4430448924825;-34.5709273552929;175;GOROSTIAGA;CABILDO AV;;ENTRE GOROSTIAGA Y OLLEROS;SI;;41 - 60 - 67 - 68 - 152 - 161;METROBUS NORTE - AV CABILDO
-58.4422402991584;-34.5713305367153;176;MAURE;CABILDO AV;;ENTRE MAURE Y GOROSTIAGA;SI;;57 - 194;METROBUS NORTE - AV CABILDO
-58.4412040781638;-34.5718143349533;177;JORGE NEWBERY;CABILDO AV;;ENTRE JORGE NEWBERY Y MAURE;SI;41 - 60 - 67 - 68 - 152 - 161;;METROBUS NORTE - AV CABILDO
-58.4402531609049;-34.5723384714251;178;MATIENZO;CABILDO AV;;ENTRE BENJAMIN MATIENZO Y JORGE NEWBERY;SI;57 - 194;;METROBUS NORTE - AV CABILDO
-58.4247661436602;-34.5789242267296;179;ORO;SANTA FE AV;;ENTRE FRAY JUSTO SANTAMARIA DE ORO Y GODOY CRUZ;SI;59 - 68 - 152 - 161;;CENTRO DE TRANSBORDO PACIFICO
-58.4238861291369;-34.5794562661122;180;DARREGUEYRA;SANTA FE AV;;ENTRE DARREGUEYRA Y FRAY JUSTO SANTAMARIA DE ORO;SI;29 - 39 - 41 - 64 - 67 - 93;;CENTRO DE TRANSBORDO PACIFICO
-58.4232305179398;-34.5799004664801;181;URIARTE;SANTA FE AV;;ENTRE URIARTE Y DARREGUEYRA;SI;108 - 111 - 118;;CENTRO DE TRANSBORDO PACIFICO
-58.4228111621891;-34.5801786972215;182;URIARTE;SANTA FE AV;;ENTRE URIARTE Y DARREGUEYRA;SI;12 - 95 - 194;;CENTRO DE TRANSBORDO PACIFICO
-58.4222263710933;-34.5806717515867;184;THAMES;SANTA FE AV;;ENTRE URIARTE Y THAMES;SI;;55 - 160;CENTRO DE TRANSBORDO PACIFICO
-58.4226693636405;-34.580364228838;185;URIARTE;SANTA FE AV;;ENTRE URIARTE Y DARREGUEYRA;SI;;60 - 93;CENTRO DE TRANSBORDO PACIFICO
-58.4230828231882;-34.5800713457806;186;URIARTE;SANTA FE AV;;ENTRE URIARTE Y DARREGUEYRA;SI;;59 - 108 - 118;CENTRO DE TRANSBORDO PACIFICO
-58.4238565633978;-34.579549045739;187;DARREGUEYRA;SANTA FE AV;;ENTRE DARREGUEYRA Y FRAY JUSTO SANTAMARIA DE ORO;SI;;12 - 15 - 29 - 95 - 111;CENTRO DE TRANSBORDO PACIFICO
-58.4247720126444;-34.5790023666932;188;ORO;SANTA FE AV;;ENTRE FRAY JUSTO SANTAMARIA DE ORO Y GODOY CRUZ;SI;;39 - 152;CENTRO DE TRANSBORDO PACIFICO
-58.4270279569102;-34.5779921345942;189;JUAN B. JUSTO;SANTA FE AV;;ENTRE AV JUAN B JUSTO Y HUMBOLDT;SI;;64 - 68 - 161;CENTRO DE TRANSBORDO PACIFICO
-58.4279787011638;-34.5776700888618;190;HUMBOLDT;SANTA FE AV;;ENTRE HUMBOLDT Y FITZ ROY;SI;;41 - 57 - 67 - 194;CENTRO DE TRANSBORDO PACIFICO
-58.4272111534797;-34.5776161481242;191;REGIMIENTO PATRICIOS;SANTA FE AV;;ENTRE HUMBOLDT Y AV BULLRICH;SI;15 - 55 - 60;;CENTRO DE TRANSBORDO PACIFICO
-58.4295566151528;-34.5771677583331;192;FITZ ROY;SANTA FE AV;;ENTRE FITZ ROY Y BONPLAND;SI;41 - 60 - 67 - 68 - 152 - 161;;CENTRO DE TRANSBORDO PACIFICO
-58.4463801333485;-34.5691795973681;193;TEODORO GARCIA;CABILDO AV;;ENTRE TEODORO GARCIA Y PALPA;SI;41 - 63 - 67;;METROBUS NORTE - AV CABILDO
-58.3693190673594;-34.614190013419;194;MEXICO;PASEO COLON AV.;;ENTRE MEXICO Y REP. BOLIVARIANA DE VENEZUELA;SI;;33 - 143 - 159;METROBUS DEL BAJO
-58.3692521702092;-34.6152893121951;195;CHILE;PASEO COLON AV.;;ENTRE CHILE Y MEXICO;SI;;8 - 74 - 86 - 93;METROBUS DEL BAJO
-58.3692453898642;-34.6164565178943;196;AV INDEPENDENCIA;PASEO COLON AV.;;ENTRE AV INDEPENDENCIA Y CHILE;SI;;61 - 64 - 130 - 152;METROBUS DEL BAJO
-58.3690046313554;-34.6164382369327;197;AV INDEPENDENCIA;PASEO COLON AV.;;ENTRE AV INDEPENDENCIA Y CHILE;SI;29 - 62 - 152;;METROBUS DEL BAJO
-58.3691044267012;-34.6152846748632;198;CHILE;PASEO COLON AV.;;ENTRE CHILE Y MEXICO;SI;33 - 64 - 130 -143;;METROBUS DEL BAJO
-58.3691767978925;-34.6141853803654;199;MEXICO;PASEO COLON AV.;;ENTRE MEXICO Y REP. BOLIVARIANA DE VENEZUELA;SI;74 - 93 - 159;;METROBUS DEL BAJO
-58.3694640530669;-34.6117652199006;200;AV BELGRANO;PASEO COLON AV.;;ENTRE AV BELGRANO Y MORENO;SI;;61 - 64 - 93 - 111 - 130 - 152;METROBUS DEL BAJO
-58.3694872757394;-34.6105708813883;201;MORENO;PASEO COLON AV.;;ENTRE MORENO Y ADOLFO ALSINA;SI;;8 - 33 - 74 - 86 - 143 - 159;METROBUS DEL BAJO
-58.3695209863806;-34.6097837176594;202;ALSINA;PASEO COLON AV.;;ENTRE ADOLFO ALSINA E HIPOLITO YRIGOYEN;SI;;195;METROBUS DEL BAJO
-58.3694225039444;-34.6097745942508;203;ALSINA;PASEO COLON AV.;;ENTRE ADOLFO ALSINA E HIPOLITO YRIGOYEN;SI;195;;METROBUS DEL BAJO
-58.3693887822543;-34.6105708060988;204;MORENO;PASEO COLON AV.;;ENTRE MORENO Y ADOLFO ALSINA;SI;29 - 64 - 74 - 93 - 159;;METROBUS DEL BAJO
-58.3693217927934;-34.6117560629484;205;AV BELGRANO;PASEO COLON AV.;;ENTRE AV BELGRANO Y MORENO;SI;33 - 62 - 130 - 143 - 152;;METROBUS DEL BAJO
-58.3700628160926;-34.6047488296103;206;PERON;ALEM LEANDRO N. AV.;;ENTRE PERON JUAN D Y SARMIENTO;SI;7 - 22 - 28 - 33 - 126 - 143;;METROBUS DEL BAJO
-58.3701461029791;-34.6036540649886;207;SARMIENTO;ALEM LEANDRO N. AV.;;ENTRE SARMIENTO Y AV CORRIENTES;SI;56 - 62 - 91 - 93 - 130 - 152;;METROBUS DEL BAJO
-58.3702719353077;-34.603663208537;208;SARMIENTO;ALEM LEANDRO N. AV.;;ENTRE SARMIENTO Y AV CORRIENTES;SI;;22 - 28 - 50 - 56 - 91 - 126;METROBUS DEL BAJO
-58.370471486762;-34.6013289325984;209;LAVALLE;ALEM LEANDRO N. AV.;;ENTRE LAVALLE Y TUCUMAN;SI;;7 - 33 - 143 - 195;METROBUS DEL BAJO
-58.370377223833;-34.6024598822269;210;AV CORRIENTES;ALEM LEANDRO N. AV.;;ENTRE AV CORRIENTES Y LAVALLE;SI;;61 - 93 - 130 - 152;METROBUS DEL BAJO
-58.3714109818113;-34.5977556115955;211;AV CORDOBA;ALEM LEANDRO N. AV.;;ENTRE AV CORDOBA Y PARAGUAY;SI;7 - 22 - 33 - 62 - 143 - 152;;METROBUS DEL BAJO
-58.3715860495134;-34.5977602665272;212;AV CORDOBA;ALEM LEANDRO N. AV.;;ENTRE AV CORDOBA Y PARAGUAY;SI;;22 - 28 - 50 - 56 - 61 - 126 - 152;METROBUS DEL BAJO
-58.3706041552246;-34.6000984818086;213;TUCUMAN;ALEM LEANDRO N. AV.;;ENTRE TUCUMAN Y VIAMONTE;SI;6 - 26 - 50 - 195;;METROBUS DEL BAJO
-58.370889885881;-34.5989812480293;214;VIAMONTE;ALEM LEANDRO N. AV.;;ENTRE VIAMONTE Y AV CORDOBA;SI;23 - 93 - 115 - 130;;METROBUS DEL BAJO
-58.3730336804268;-34.5947075794747;215;RICARDO ROJAS;ALEM LEANDRO N. AV.;;ENTRE RICARDO ROJAS Y SAN MARTIN;SI;;7 - 33 - 143;METROBUS DEL BAJO
-58.3726225191759;-34.5954944681167;216;MARCELO T. DE ALVEAR;ALEM LEANDRO N. AV.;;ENTRE MARCELO T. DE ALVEAR Y RICARDO ROJAS;SI;;5 - 9- 45 - 91 - 93 - 130;METROBUS DEL BAJO
-58.3720741545137;-34.5966703249932;217;PARAGUAY;ALEM LEANDRO N. AV.;;ENTRE PARAGUAY Y MARCELO T. DE ALVEAR;SI;;6 - 23 - 26 -115 - 132;METROBUS DEL BAJO
-58.3719647699699;-34.5966385750944;218;PARAGUAY;ALEM LEANDRO N. AV.;;ENTRE PARAGUAY Y MARCELO T. DE ALVEAR;SI;28 - 56 - 91 - 126 - 132;;METROBUS DEL BAJO
